config_id,pair_key,state,sampling,defocus_retina_d,defocus_shape_d,mtfa,mtf10,mtf20,mtf30,mtf40,mtf50,mtf60
CFG_LB_AL2395_A0_WFS_MONO_EPD3,CAR_LB_AL2395_A0_WFS_EPD3,MONO,128,0.5,0.5,0.15887508244737872,0.371655731653571,0.02322766637463427,0.02631537259621223,0.021500537397411514,0.017145136815082954,0.018150963081938455
CFG_LB_AL2395_A0_WFS_MONO_EPD3,CAR_LB_AL2395_A0_WFS_EPD3,MONO,128,0.25,0.25,0.3522438363237764,0.6942664508696371,0.41496710798719516,0.24847626674725182,0.1485373564178223,0.08954395956071898,0.05885740105082618
CFG_LB_AL2395_A0_WFS_MONO_EPD3,CAR_LB_AL2395_A0_WFS_EPD3,MONO,128,0.0,0.0,0.5951293217726991,0.8530749779312721,0.7111432166826881,0.5791122862839675,0.45901754044957827,0.34940384526246454,0.24411737313180404
CFG_LB_AL2395_A0_WFS_MONO_EPD3,CAR_LB_AL2395_A0_WFS_EPD3,MONO,128,-0.25,-0.25,0.31323150130590766,0.7264386386586059,0.36114332719954373,0.13709553000298647,0.06351652169625403,0.06251134014747405,0.08363944007395062
CFG_LB_AL2395_A0_WFS_MONO_EPD3,CAR_LB_AL2395_A0_WFS_EPD3,MONO,128,-0.5,-0.5,0.17232847030832651,0.3795174938138382,0.08875811684286485,0.07390683882963855,0.017734460645838376,0.009359265715096097,0.0161880394644609
CFG_LB_AL2395_A0_WFS_MONO_EPD3,CAR_LB_AL2395_A0_WFS_EPD3,MONO,128,-0.75,-0.75,0.12807613445135022,0.02383816944604916,0.0513095092340199,0.054112477152249205,0.022755582731563903,0.014382509333358919,0.017071691494881653
CFG_LB_AL2395_A0_WFS_MONO_EPD3,CAR_LB_AL2395_A0_WFS_EPD3,MONO,128,-1.0,-1.0,0.09642003380305822,0.1482572675283084,0.0681409800947672,0.021685417833989015,0.011484845001816141,0.006426842929525254,0.007179500525626279
CFG_LB_AL2395_A0_WFS_MONO_EPD3,CAR_LB_AL2395_A0_WFS_EPD3,MONO,128,-1.25,-1.25,0.07836894200464926,0.10804219565087497,0.012103929564903795,0.011597927785070766,0.011173377219851333,0.007056780000499662,0.0059657402178637815
CFG_LB_AL2395_A0_WFS_MONO_EPD3,CAR_LB_AL2395_A0_WFS_EPD3,MONO,128,-1.5,-1.5,0.06507354355416191,0.01553200727587866,0.019323145976045376,0.0007868993238086817,0.007461449019002389,0.0036278456969979543,0.0023456328150091082
CFG_LB_AL2395_A0_WFS_MONO_EPD3,CAR_LB_AL2395_A0_WFS_EPD3,MONO,128,-1.75,-1.75,0.05578283219641499,0.07554292690337287,0.02554092890311028,0.002055088025103003,0.006090925743935598,0.005119259053279631,0.0001509767139536114
CFG_LB_AL2395_A0_WFS_MONO_EPD3,CAR_LB_AL2395_A0_WFS_EPD3,MONO,128,-2.0,-2.0,0.04885610626579525,0.03650064577560796,0.009000535542995791,0.006719014918027439,0.00504247985334878,0.00398080154454087,0.0014278622872393712
CFG_LB_AL2395_A0_WFS_MONO_EPD3,CAR_LB_AL2395_A0_WFS_EPD3,MONO,128,-2.25,-2.25,0.04323780842014644,0.027073752309902843,0.006219367396605727,0.005355430919401923,0.005676023053526411,0.003113341593255375,0.002153980050244132
CFG_LB_AL2395_A0_WFS_MONO_EPD3,CAR_LB_AL2395_A0_WFS_EPD3,MONO,128,-2.5,-2.5,0.03895368752771477,0.03803684499599861,0.013508649667459537,0.006595705383136218,0.00429789538598574,0.003084584301561686,0.0018517370556643297
CFG_LB_AL2395_A0_WFS_MONO_EPD3,CAR_LB_AL2395_A0_WFS_EPD3,MONO,128,-2.75,-2.75,0.03538274493595149,0.00021375666924798277,0.009034017408868668,0.006383427332885463,0.0034324371012658976,0.0023039933200915564,0.0022653037047348098
CFG_LB_AL2395_A0_WFS_MONO_EPD3,CAR_LB_AL2395_A0_WFS_EPD3,MONO,128,-3.0,-3.0,0.03241906639043509,0.028387803365594197,0.0008570129257390675,0.006156968144695221,0.003055345745298648,0.0017181709075043217,0.0013819589794659293
CFG_LB_AL2395_A0_WFS_EDOF_EPD3,CAR_LB_AL2395_A0_WFS_EPD3,EDOF,128,0.5,0.5,0.18673242427689019,0.28977651770479806,0.19976602401853538,0.08596435944703629,0.03098013771174077,0.006338680366186903,0.051153816744431896
CFG_LB_AL2395_A0_WFS_EDOF_EPD3,CAR_LB_AL2395_A0_WFS_EPD3,EDOF,128,0.25,0.25,0.30660395779836375,0.5158515458409391,0.2962001519560983,0.24856092417572406,0.16583565275912124,0.10802940062164818,0.022425736852777545
CFG_LB_AL2395_A0_WFS_EDOF_EPD3,CAR_LB_AL2395_A0_WFS_EPD3,EDOF,128,0.0,0.0,0.41990857465983306,0.681336053329809,0.42615826713380295,0.3165219038537139,0.2532888607243273,0.24729657933768676,0.20428145222798272
CFG_LB_AL2395_A0_WFS_EDOF_EPD3,CAR_LB_AL2395_A0_WFS_EPD3,EDOF,128,-0.25,-0.25,0.24910607450875666,0.6368170725428721,0.23069766285872817,0.018986500969510045,0.0463138653924315,0.029007558400839444,0.11986193406908933
CFG_LB_AL2395_A0_WFS_EDOF_EPD3,CAR_LB_AL2395_A0_WFS_EPD3,EDOF,128,-0.5,-0.5,0.1768549854783036,0.3698329693943619,0.05848768890203025,0.03600631268222951,0.05993147365609326,0.06495479077139722,0.055986344639930075
CFG_LB_AL2395_A0_WFS_EDOF_EPD3,CAR_LB_AL2395_A0_WFS_EPD3,EDOF,128,-0.75,-0.75,0.13309072158041052,0.035043956225084986,0.019269939869516528,0.08778304647174791,0.016571859883894015,0.015001976919789758,0.005832549093761354
CFG_LB_AL2395_A0_WFS_EDOF_EPD3,CAR_LB_AL2395_A0_WFS_EPD3,EDOF,128,-1.0,-1.0,0.10260621730886905,0.1636301539098583,0.14094526154549034,0.01516833702965747,0.0028795490000423926,0.008075466121036734,0.013161265424012115
CFG_LB_AL2395_A0_WFS_EDOF_EPD3,CAR_LB_AL2395_A0_WFS_EPD3,EDOF,128,-1.25,-1.25,0.08602922970350016,0.13819914173823683,0.000599650245888533,0.022063476467695384,6.043415189166443e-05,0.0026423748111679326,0.008901781006262386
CFG_LB_AL2395_A0_WFS_EDOF_EPD3,CAR_LB_AL2395_A0_WFS_EPD3,EDOF,128,-1.5,-1.5,0.07385125717361452,0.02206663799883911,0.05201449292304734,0.0034718402487224726,0.0019249223438746856,0.0025877406815239946,0.004621934521363388
CFG_LB_AL2395_A0_WFS_EDOF_EPD3,CAR_LB_AL2395_A0_WFS_EPD3,EDOF,128,-1.75,-1.75,0.06661477910833116,0.1461671741817197,0.03603529638329902,0.01390517137244569,0.006205434846175107,0.0037567307890163425,0.0038128967212560988
CFG_LB_AL2395_A0_WFS_EDOF_EPD3,CAR_LB_AL2395_A0_WFS_EPD3,EDOF,128,-2.0,-2.0,0.057166435493240166,0.13568321683128226,0.0008944205435768875,0.0027112282198710124,0.002234403012487534,0.002171838334881572,0.0016706356138060916
CFG_LB_AL2395_A0_WFS_EDOF_EPD3,CAR_LB_AL2395_A0_WFS_EPD3,EDOF,128,-2.25,-2.25,0.05116583664951798,0.03057862578676294,0.029151367436531503,0.0028907564672154143,0.003884398014258137,0.0009133554208973584,0.000935182339327934
CFG_LB_AL2395_A0_WFS_EDOF_EPD3,CAR_LB_AL2395_A0_WFS_EPD3,EDOF,128,-2.5,-2.5,0.04528458702037615,0.060458202600295066,0.016273557692536793,0.004714613154658301,0.0011676002201812439,0.001181766162389829,0.0013962035788885473
CFG_LB_AL2395_A0_WFS_EDOF_EPD3,CAR_LB_AL2395_A0_WFS_EPD3,EDOF,128,-2.75,-2.75,0.040697029779801656,0.07438688785802755,0.0027539599838101066,0.00646373165816824,0.0015358061703726808,0.0010811406871187265,0.0024708308833705918
CFG_LB_AL2395_A0_WFS_EDOF_EPD3,CAR_LB_AL2395_A0_WFS_EPD3,EDOF,128,-3.0,-3.0,0.036639597826536176,0.03434442574076895,0.009220879801212915,0.005723845781621176,0.00101798312964499,0.0013683510559601617,0.0021449850273222515
CFG_ATC_M3_AL24477_B0_RAD_MONO_EPD5,CAR_ATC_M3_AL24477_B0_RAD_EPD5,MONO,128,0.5,0.75,0.06769746541606421,0.08692048570091851,0.034263735901393456,0.014280379354981653,0.0011746299167006366,0.002977447438249152,0.003651918116096791
CFG_ATC_M3_AL24477_B0_RAD_MONO_EPD5,CAR_ATC_M3_AL24477_B0_RAD_EPD5,MONO,128,0.25,0.5,0.12189386370859068,0.18161554702176494,0.10045093357459145,0.06893953670230926,0.032763101650353746,0.016011355462914535,0.007330794877786848
CFG_ATC_M3_AL24477_B0_RAD_MONO_EPD5,CAR_ATC_M3_AL24477_B0_RAD_EPD5,MONO,128,0.0,0.25,0.23655771140340845,0.33752665042904184,0.2451239833361644,0.19183068049728724,0.14922230110621146,0.1125345025380194,0.07265761552826215
CFG_ATC_M3_AL24477_B0_RAD_MONO_EPD5,CAR_ATC_M3_AL24477_B0_RAD_EPD5,MONO,128,-0.25,0.0,0.24001051956081906,0.4214746670521982,0.26759502338347635,0.14552426413356154,0.08417243667471681,0.06604342660004542,0.07822349403860775
CFG_ATC_M3_AL24477_B0_RAD_MONO_EPD5,CAR_ATC_M3_AL24477_B0_RAD_EPD5,MONO,128,-0.5,-0.25,0.17281929277273902,0.39058299161747867,0.060254680338873316,0.010844336196075674,0.026549684909905204,0.05672694545721172,0.059397052750205154
CFG_ATC_M3_AL24477_B0_RAD_MONO_EPD5,CAR_ATC_M3_AL24477_B0_RAD_EPD5,MONO,128,-0.75,-0.5,0.1666368718677655,0.2711811914952104,0.04368602956265796,0.14553255516333427,0.03046188204254888,0.011893635929981454,0.02075908823990917
CFG_ATC_M3_AL24477_B0_RAD_MONO_EPD5,CAR_ATC_M3_AL24477_B0_RAD_EPD5,MONO,128,-1.0,-0.75,0.12617599804603608,0.037629111198850415,0.14184923720306852,0.0008012474986693873,0.07182909293329509,0.003371039837179541,0.002782570779632513
CFG_ATC_M3_AL24477_B0_RAD_MONO_EPD5,CAR_ATC_M3_AL24477_B0_RAD_EPD5,MONO,128,-1.25,-1.0,0.09500996573472188,0.1044243616784052,0.029699605549879316,0.04306971944534848,0.021252820214866498,0.012178673616013045,0.011080217931984724
CFG_ATC_M3_AL24477_B0_RAD_MONO_EPD5,CAR_ATC_M3_AL24477_B0_RAD_EPD5,MONO,128,-1.5,-1.25,0.08519443644630406,0.050352633936857356,0.03606319519152589,0.017318937067517394,0.014972034262455186,0.020991110220680915,0.01792040839276916
CFG_ATC_M3_AL24477_B0_RAD_MONO_EPD5,CAR_ATC_M3_AL24477_B0_RAD_EPD5,MONO,128,-1.75,-1.5,0.07653145087692953,0.1415904620790853,0.025024068303133466,0.045421785126551706,0.02127355643019293,0.016529860501562122,0.0016937718011281995
CFG_ATC_M3_AL24477_B0_RAD_MONO_EPD5,CAR_ATC_M3_AL24477_B0_RAD_EPD5,MONO,128,-2.0,-1.75,0.06578747938668422,0.05669916981436294,0.03618491579001324,0.010696611517799937,0.017086864566098793,0.0023356058609711014,0.005434486043943649
CFG_ATC_M3_AL24477_B0_RAD_MONO_EPD5,CAR_ATC_M3_AL24477_B0_RAD_EPD5,MONO,128,-2.25,-2.0,0.05773255333456493,0.0917217622869827,0.043556364573402694,0.026271271271388962,0.011057117043982444,0.0069945322442754,0.002107270677112637
CFG_ATC_M3_AL24477_B0_RAD_MONO_EPD5,CAR_ATC_M3_AL24477_B0_RAD_EPD5,MONO,128,-2.5,-2.25,0.04986969031253418,0.08162938363130977,0.04504345609202878,0.02004080582134528,0.004471583971151739,0.004198711279915355,0.002986856327560561
CFG_ATC_M3_AL24477_B0_RAD_MONO_EPD5,CAR_ATC_M3_AL24477_B0_RAD_EPD5,MONO,128,-2.75,-2.5,0.040892703081472935,0.027817592313931945,0.0326205365892571,0.0028350468369225247,0.0001797868080179248,0.002542709595073112,0.0024685933284574434
CFG_ATC_M3_AL24477_B0_RAD_MONO_EPD5,CAR_ATC_M3_AL24477_B0_RAD_EPD5,MONO,128,-3.0,-2.75,0.038001691077772425,0.07016435679296289,0.014849138519496218,0.007918818971824958,0.002375811005325833,0.0031753244837193313,0.0005820385421496582
CFG_ATC_M3_AL24477_B0_RAD_EDOF_EPD5,CAR_ATC_M3_AL24477_B0_RAD_EPD5,EDOF,128,0.5,1.0,0.0701690145405707,0.05891958782378918,0.023158732147008528,0.021264051238236485,0.029597373551074564,0.009484097527425624,0.008798622990918001
CFG_ATC_M3_AL24477_B0_RAD_EDOF_EPD5,CAR_ATC_M3_AL24477_B0_RAD_EPD5,EDOF,128,0.25,0.75,0.08818035691395713,0.1103331685727861,0.07690391533052993,0.008169788009677229,0.0011963022821627853,0.025435944850260434,0.026322955140713276
CFG_ATC_M3_AL24477_B0_RAD_EDOF_EPD5,CAR_ATC_M3_AL24477_B0_RAD_EPD5,EDOF,128,0.0,0.5,0.17823332905645584,0.21857782990781116,0.12468742962769239,0.17125905521178764,0.13073497233691736,0.09037144303570221,0.061755371504253566
CFG_ATC_M3_AL24477_B0_RAD_EDOF_EPD5,CAR_ATC_M3_AL24477_B0_RAD_EPD5,EDOF,128,-0.25,0.25,0.182492225946432,0.28770668470603705,0.21263896943076122,0.06469141162905205,0.08180333337008108,0.022203356716313242,0.029039153144703192
CFG_ATC_M3_AL24477_B0_RAD_EDOF_EPD5,CAR_ATC_M3_AL24477_B0_RAD_EPD5,EDOF,128,-0.5,0.0,0.19382965154524656,0.3264257382042215,0.06191101952273295,0.04742568660702453,0.13059937405868788,0.09896027444691458,0.06521494016268244
CFG_ATC_M3_AL24477_B0_RAD_EDOF_EPD5,CAR_ATC_M3_AL24477_B0_RAD_EPD5,EDOF,128,-0.75,-0.25,0.17579977342671413,0.28890923683529396,0.10860370535194949,0.12064400115722149,0.0028893549881562454,0.029859432688139592,0.027195324218329944
CFG_ATC_M3_AL24477_B0_RAD_EDOF_EPD5,CAR_ATC_M3_AL24477_B0_RAD_EPD5,EDOF,128,-1.0,-0.5,0.12720581710922463,0.10857689742685522,0.10085375819604993,0.001043935416056388,0.0126219570778311,0.03826024730634587,0.023190642417520342
CFG_ATC_M3_AL24477_B0_RAD_EDOF_EPD5,CAR_ATC_M3_AL24477_B0_RAD_EPD5,EDOF,128,-1.25,-0.75,0.09259286492379318,0.028117550976624897,0.005232569859355114,0.039663286218367136,0.019609649522828565,0.04081674203545106,0.035739431984546696
CFG_ATC_M3_AL24477_B0_RAD_EDOF_EPD5,CAR_ATC_M3_AL24477_B0_RAD_EPD5,EDOF,128,-1.5,-1.0,0.0804305610707081,0.14701256453895,0.06331323773878514,0.07414340940227729,0.027886949902326326,0.00899183327988189,0.021116491447103237
CFG_ATC_M3_AL24477_B0_RAD_EDOF_EPD5,CAR_ATC_M3_AL24477_B0_RAD_EPD5,EDOF,128,-1.75,-1.25,0.0661560124871984,0.08915236321906853,0.004500929533001106,0.019101961093221133,0.008217911616014588,0.018595167932216466,0.009820009251067007
CFG_ATC_M3_AL24477_B0_RAD_EDOF_EPD5,CAR_ATC_M3_AL24477_B0_RAD_EPD5,EDOF,128,-2.0,-1.5,0.059343917132433824,0.11224507982532121,0.07950806867360177,0.027648835190615027,0.0013316483322681574,0.022304306839707966,0.014245343235335627
CFG_ATC_M3_AL24477_B0_RAD_EDOF_EPD5,CAR_ATC_M3_AL24477_B0_RAD_EPD5,EDOF,128,-2.25,-1.75,0.054924482802036274,0.02839995684796759,0.05196388450364183,0.011900973780612022,0.004075026177996112,0.010835563288856875,0.008897825840176055
CFG_ATC_M3_AL24477_B0_RAD_EDOF_EPD5,CAR_ATC_M3_AL24477_B0_RAD_EPD5,EDOF,128,-2.5,-2.0,0.048502996009493655,0.10386586092989186,0.004329218472583709,0.00802401944338637,0.005670546777271283,0.001286936021538857,0.00017791792665264528
CFG_ATC_M3_AL24477_B0_RAD_EDOF_EPD5,CAR_ATC_M3_AL24477_B0_RAD_EPD5,EDOF,128,-2.75,-2.25,0.04294761828256864,0.01842915316448366,0.012523151716832782,0.008839941705838943,0.004528942435647868,0.0017656826853291974,0.0014782826540751855
CFG_ATC_M3_AL24477_B0_RAD_EDOF_EPD5,CAR_ATC_M3_AL24477_B0_RAD_EPD5,EDOF,128,-3.0,-2.5,0.03665966545765021,0.038114731934716074,0.0009700676023151615,0.010769261049060138,0.0026297710507445417,0.001377608238370189,0.001976531740964649
CFG_ATC_M3_AL24477_C0_HOA_MONO_EPD5,CAR_ATC_M3_AL24477_C0_HOA_EPD5,MONO,128,0.5,0.5,0.12159535690173756,0.08797551000660556,0.05621430427690022,0.029692315650207454,0.036107272671157875,0.028281466455806214,0.017745373582136986
CFG_ATC_M3_AL24477_C0_HOA_MONO_EPD5,CAR_ATC_M3_AL24477_C0_HOA_EPD5,MONO,128,0.25,0.25,0.15559811064068776,0.229847109791767,0.10751279716483104,0.07287885989075528,0.040252258762638805,0.026075559112515672,0.016732278260886742
CFG_ATC_M3_AL24477_C0_HOA_MONO_EPD5,CAR_ATC_M3_AL24477_C0_HOA_EPD5,MONO,128,0.0,0.0,0.3128351101235227,0.5022579083941865,0.3220119934835598,0.2613292148812809,0.2196460187822136,0.1825921876674657,0.1348470777101652
CFG_ATC_M3_AL24477_C0_HOA_MONO_EPD5,CAR_ATC_M3_AL24477_C0_HOA_EPD5,MONO,128,-0.25,-0.25,0.18932141318993717,0.42219140717725806,0.2558362650884253,0.08639892033831742,0.008809544741063552,0.004250010593574395,0.029332158938460137
CFG_ATC_M3_AL24477_C0_HOA_MONO_EPD5,CAR_ATC_M3_AL24477_C0_HOA_EPD5,MONO,128,-0.5,-0.5,0.10827845930855277,0.16699533300860203,0.08272936917363155,0.031223665040495816,0.017124111869668633,0.01906127836218647,0.011951240842911468
CFG_ATC_M3_AL24477_C0_HOA_MONO_EPD5,CAR_ATC_M3_AL24477_C0_HOA_EPD5,MONO,128,-0.75,-0.75,0.0744365018759331,0.010014402370778452,0.008172234845238649,0.026704414823746143,0.01525789419728491,0.000310446765877979,0.0027093871522285633
CFG_ATC_M3_AL24477_C0_HOA_MONO_EPD5,CAR_ATC_M3_AL24477_C0_HOA_EPD5,MONO,128,-1.0,-1.0,0.055530656931278996,0.11309356515979753,0.037185498709919974,0.004396792887023488,0.002679917876623183,0.001518569107208049,0.0008973102093635456
CFG_ATC_M3_AL24477_C0_HOA_MONO_EPD5,CAR_ATC_M3_AL24477_C0_HOA_EPD5,MONO,128,-1.25,-1.25,0.044309492700657385,0.05353442346902663,0.022237852220279686,0.0064532161358449094,0.0018576793458941023,0.00360350391076035,0.00174676966226594
CFG_ATC_M3_AL24477_C0_HOA_MONO_EPD5,CAR_ATC_M3_AL24477_C0_HOA_EPD5,MONO,128,-1.5,-1.5,0.036038556157889486,0.06027481786651054,0.005610741994312097,0.0011082074587509673,0.0021337964677932584,0.0007565397996575,0.0008319286154461595
CFG_ATC_M3_AL24477_C0_HOA_MONO_EPD5,CAR_ATC_M3_AL24477_C0_HOA_EPD5,MONO,128,-1.75,-1.75,0.029026032980876346,0.030090177501510024,0.0016397739345352961,0.00041539143119965235,0.0011444226234479128,0.0012257003871345771,0.00010723403664258249
CFG_ATC_M3_AL24477_C0_HOA_MONO_EPD5,CAR_ATC_M3_AL24477_C0_HOA_EPD5,MONO,128,-2.0,-2.0,0.0248517211904041,0.023452260950441117,0.0007040291665857604,0.002929443176213681,0.0021897840952110016,7.075312289847306e-05,0.0013334586032397186
CFG_ATC_M3_AL24477_C0_HOA_MONO_EPD5,CAR_ATC_M3_AL24477_C0_HOA_EPD5,MONO,128,-2.25,-2.25,0.02145982784202387,0.012185063185033283,0.0012477156711750788,0.0021665245811147414,0.0005397761868206611,0.0016449420701950357,0.0015362609798397187
CFG_ATC_M3_AL24477_C0_HOA_MONO_EPD5,CAR_ATC_M3_AL24477_C0_HOA_EPD5,MONO,128,-2.5,-2.5,0.02036635243280902,0.007071189271481551,0.0018006080202227696,0.001562904785506612,0.00043581883505089663,0.0004146060492030614,3.455113781960615e-05
CFG_ATC_M3_AL24477_C0_HOA_MONO_EPD5,CAR_ATC_M3_AL24477_C0_HOA_EPD5,MONO,128,-2.75,-2.75,0.017807676027115908,0.005822822490499738,0.0010764641658421942,8.989284683408785e-05,0.0014434082415274974,0.0018803341384552538,0.001156729110829362
CFG_ATC_M3_AL24477_C0_HOA_MONO_EPD5,CAR_ATC_M3_AL24477_C0_HOA_EPD5,MONO,128,-3.0,-3.0,0.015352385338068415,0.006941908257582516,0.003387305662185013,9.696822119094594e-05,0.0012580852112587385,0.0012255834471395796,0.0017387020430467159
CFG_ATC_M3_AL24477_C0_HOA_EDOF_EPD5,CAR_ATC_M3_AL24477_C0_HOA_EPD5,EDOF,128,0.5,0.75,0.0803499542182802,0.02653141871052004,0.019316066917771928,0.011192412921932477,0.00738780542239215,0.013166438255964134,0.003720824236301808
CFG_ATC_M3_AL24477_C0_HOA_EDOF_EPD5,CAR_ATC_M3_AL24477_C0_HOA_EPD5,EDOF,128,0.25,0.5,0.08661463221924336,0.014538337905996214,0.011707181349326622,0.050865383253702254,0.03251729118410329,0.0217522563256749,0.01918936350195068
CFG_ATC_M3_AL24477_C0_HOA_EDOF_EPD5,CAR_ATC_M3_AL24477_C0_HOA_EPD5,EDOF,128,0.0,0.25,0.10195409601569046,0.24962626405302749,0.06700964105579976,0.006303429302696107,0.006338150821351361,0.022851297482149417,0.01025053012310602
CFG_ATC_M3_AL24477_C0_HOA_EDOF_EPD5,CAR_ATC_M3_AL24477_C0_HOA_EPD5,EDOF,128,-0.25,0.0,0.1561077944871194,0.22903221192553957,0.15001758199612075,0.11377681707105797,0.05676238158897195,0.07315575388473845,0.07061591146077892
CFG_ATC_M3_AL24477_C0_HOA_EDOF_EPD5,CAR_ATC_M3_AL24477_C0_HOA_EPD5,EDOF,128,-0.5,-0.25,0.07557303749714551,0.09591196792583642,0.055730284592396984,0.017610300566182895,0.0014887504517474514,0.005620232789041027,0.006301135205063684
CFG_ATC_M3_AL24477_C0_HOA_EDOF_EPD5,CAR_ATC_M3_AL24477_C0_HOA_EPD5,EDOF,128,-0.75,-0.5,0.05005194407799621,0.0274414047833616,0.03694470774504769,0.010323390859652939,0.0006752426976232558,0.013931484053973884,0.004111538961442706
CFG_ATC_M3_AL24477_C0_HOA_EDOF_EPD5,CAR_ATC_M3_AL24477_C0_HOA_EPD5,EDOF,128,-1.0,-0.75,0.04040569083934049,0.0392429389370843,0.016629747666747026,0.0037238837995780157,0.001252405379368151,0.004646462771427074,0.011542461684785694
CFG_ATC_M3_AL24477_C0_HOA_EDOF_EPD5,CAR_ATC_M3_AL24477_C0_HOA_EPD5,EDOF,128,-1.25,-1.0,0.04030326697259653,0.010753570605936319,0.035053180556081365,0.035115665759794495,0.006527933056854993,0.01508492114416448,0.003611229240836937
CFG_ATC_M3_AL24477_C0_HOA_EDOF_EPD5,CAR_ATC_M3_AL24477_C0_HOA_EPD5,EDOF,128,-1.5,-1.25,0.034028700110742466,0.05956704976012706,0.002594603791176813,0.006787724246407066,0.003702202986700499,0.007854681925993156,0.0016011734455988373
CFG_ATC_M3_AL24477_C0_HOA_EDOF_EPD5,CAR_ATC_M3_AL24477_C0_HOA_EPD5,EDOF,128,-1.75,-1.5,0.026973912686519733,0.019029270476709936,0.014765105296850201,0.00521229166844913,0.0002449511107282994,0.0015614669500154696,0.002242780345318953
CFG_ATC_M3_AL24477_C0_HOA_EDOF_EPD5,CAR_ATC_M3_AL24477_C0_HOA_EPD5,EDOF,128,-2.0,-1.75,0.02396929745220313,0.01507320169130294,0.0009099396255357487,0.009112458877594987,0.0023539699256008195,0.010338149211627831,0.005883937452038718
CFG_ATC_M3_AL24477_C0_HOA_EDOF_EPD5,CAR_ATC_M3_AL24477_C0_HOA_EPD5,EDOF,128,-2.25,-2.0,0.023212059175886958,0.010696328062829226,0.0027625020654921976,0.004898298381206155,0.0007476770520773049,0.002625886608362616,0.002649145465916704
CFG_ATC_M3_AL24477_C0_HOA_EDOF_EPD5,CAR_ATC_M3_AL24477_C0_HOA_EPD5,EDOF,128,-2.5,-2.25,0.023400257030422384,0.01992579851496667,0.011308982586417458,0.010554508181642264,0.0017535000869019594,0.013283096379411177,0.004517937212264809
CFG_ATC_M3_AL24477_C0_HOA_EDOF_EPD5,CAR_ATC_M3_AL24477_C0_HOA_EPD5,EDOF,128,-2.75,-2.5,0.019277648925505497,0.0012281052074463593,0.0216948362260758,0.0037551233140597886,0.007163316167511601,0.0014980654181245307,0.001332435461923946
CFG_ATC_M3_AL24477_C0_HOA_EDOF_EPD5,CAR_ATC_M3_AL24477_C0_HOA_EPD5,EDOF,128,-3.0,-2.75,0.017312345852695032,0.01049747057364983,0.015224980829158196,0.0006815366437316221,0.0013463764122359566,0.0020016790467984246,8.644940350866376e-05
