base_id,cornea_id,platform_id,pupil_mm,threshold,delta_delta_dof_d,bound_status,lower_bound,upper_bound,source_peak_censored
LB_AL2395,A0,WFS,3.0,0.3,0.10578600442641539,exact,0.10578600442641539,0.10578600442641539,False
LB_AL2395,A0,WFS,3.0,0.5,0.053154734363742906,exact,0.053154734363742906,0.053154734363742906,False
LB_AL2395,A0,WFS,3.0,0.7,0.012020919802874175,exact,0.012020919802874175,0.012020919802874175,False
LB_AL2395,B0,WFS,3.0,0.3,0.42679073857914784,lower_bound,0.42679073857914784,,False
LB_AL2395,B0,WFS,3.0,0.5,0.546470212413557,exact,0.546470212413557,0.546470212413557,False
LB_AL2395,B0,WFS,3.0,0.7,0.2319662360669436,exact,0.2319662360669436,0.2319662360669436,False
LB_AL2395,C0,WFS,3.0,0.3,0.007700970605943436,exact,0.007700970605943436,0.007700970605943436,False
LB_AL2395,C0,WFS,3.0,0.5,0.0040137310939534765,exact,0.0040137310939534765,0.0040137310939534765,False
LB_AL2395,C0,WFS,3.0,0.7,0.0005745486161716218,exact,0.0005745486161716218,0.0005745486161716218,False
LB_AL2395,A0,WFS,5.0,0.3,0.1776960205127911,exact,0.1776960205127911,0.1776960205127911,False
LB_AL2395,A0,WFS,5.0,0.5,0.15443261906606354,exact,0.15443261906606354,0.15443261906606354,False
LB_AL2395,A0,WFS,5.0,0.7,0.18455389303034014,exact,0.18455389303034014,0.18455389303034014,False
LB_AL2395,B0,WFS,5.0,0.3,0.27217972598291507,exact,0.27217972598291507,0.27217972598291507,False
LB_AL2395,B0,WFS,5.0,0.5,0.3885860924260176,exact,0.3885860924260176,0.3885860924260176,False
LB_AL2395,B0,WFS,5.0,0.7,-0.0024234953920848623,exact,-0.0024234953920848623,-0.0024234953920848623,False
LB_AL2395,C0,WFS,5.0,0.3,0.1560807682295997,lower_bound,0.1560807682295997,,False
LB_AL2395,C0,WFS,5.0,0.5,-0.014898652887866959,exact,-0.014898652887866959,-0.014898652887866959,False
LB_AL2395,C0,WFS,5.0,0.7,-0.12913556207926813,exact,-0.12913556207926813,-0.12913556207926813,False
LB_AL2395,A0,RAD,3.0,0.3,-0.03799443959029025,indeterminate,,,False
LB_AL2395,A0,RAD,3.0,0.5,-0.029149653825607913,indeterminate,,,False
LB_AL2395,A0,RAD,3.0,0.7,-0.025777423227035523,lower_bound,-0.025777423227035523,,False
LB_AL2395,B0,RAD,3.0,0.3,-0.2850371484777181,indeterminate,,,False
LB_AL2395,B0,RAD,3.0,0.5,-0.09918681072819413,indeterminate,,,False
LB_AL2395,B0,RAD,3.0,0.7,-0.04986257110857356,lower_bound,-0.04986257110857356,,False
LB_AL2395,C0,RAD,3.0,0.3,0.010220314053253299,indeterminate,,,False
LB_AL2395,C0,RAD,3.0,0.5,-0.0035113510109757717,indeterminate,,,False
LB_AL2395,C0,RAD,3.0,0.7,0.0032807814461435214,exact,0.0032807814461435214,0.0032807814461435214,False
LB_AL2395,A0,RAD,5.0,0.3,0.04322638344181584,lower_bound,0.04322638344181584,,False
LB_AL2395,A0,RAD,5.0,0.5,0.7854806350678232,exact,0.7854806350678232,0.7854806350678232,False
LB_AL2395,A0,RAD,5.0,0.7,0.0019262880781250602,exact,0.0019262880781250602,0.0019262880781250602,False
LB_AL2395,B0,RAD,5.0,0.3,-0.27803577672652846,lower_bound,-0.27803577672652846,,False
LB_AL2395,B0,RAD,5.0,0.5,-0.6272423295099858,lower_bound,-0.6272423295099858,,False
LB_AL2395,B0,RAD,5.0,0.7,-0.25881703029164277,exact,-0.25881703029164277,-0.25881703029164277,False
LB_AL2395,C0,RAD,5.0,0.3,-0.9659981872704466,lower_bound,-0.9659981872704466,,False
LB_AL2395,C0,RAD,5.0,0.5,0.28584041841661945,lower_bound,0.28584041841661945,,False
LB_AL2395,C0,RAD,5.0,0.7,-0.08398518813808181,exact,-0.08398518813808181,-0.08398518813808181,False
LB_AL2395,A0,HOA,3.0,0.3,-0.05090966423138843,exact,-0.05090966423138843,-0.05090966423138843,False
LB_AL2395,A0,HOA,3.0,0.5,-0.025573294368055777,exact,-0.025573294368055777,-0.025573294368055777,False
LB_AL2395,A0,HOA,3.0,0.7,-0.016867502100413767,exact,-0.016867502100413767,-0.016867502100413767,False
LB_AL2395,B0,HOA,3.0,0.3,-0.10837753019754404,exact,-0.10837753019754404,-0.10837753019754404,False
LB_AL2395,B0,HOA,3.0,0.5,-0.17491342231282703,exact,-0.17491342231282703,-0.17491342231282703,False
LB_AL2395,B0,HOA,3.0,0.7,-0.10154876140858127,exact,-0.10154876140858127,-0.10154876140858127,False
LB_AL2395,C0,HOA,3.0,0.3,0.013507163624524754,exact,0.013507163624524754,0.013507163624524754,False
LB_AL2395,C0,HOA,3.0,0.5,-0.005357568367985288,exact,-0.005357568367985288,-0.005357568367985288,False
LB_AL2395,C0,HOA,3.0,0.7,-0.0005701617125149494,exact,-0.0005701617125149494,-0.0005701617125149494,False
LB_AL2395,A0,HOA,5.0,0.3,0.17437850457553372,exact,0.17437850457553372,0.17437850457553372,False
LB_AL2395,A0,HOA,5.0,0.5,0.1994337637202228,exact,0.1994337637202228,0.1994337637202228,False
LB_AL2395,A0,HOA,5.0,0.7,0.06850433882381934,exact,0.06850433882381934,0.06850433882381934,False
LB_AL2395,B0,HOA,5.0,0.3,0.28404819902020995,exact,0.28404819902020995,0.28404819902020995,False
LB_AL2395,B0,HOA,5.0,0.5,0.5356319643541245,exact,0.5356319643541245,0.5356319643541245,False
LB_AL2395,B0,HOA,5.0,0.7,1.0985665115549619,exact,1.0985665115549619,1.0985665115549619,False
LB_AL2395,C0,HOA,5.0,0.3,0.019094768897188974,indeterminate,,,False
LB_AL2395,C0,HOA,5.0,0.5,0.4635852984289206,lower_bound,0.4635852984289206,,False
LB_AL2395,C0,HOA,5.0,0.7,0.007189810403217589,exact,0.007189810403217589,0.007189810403217589,False
ATC_M3_AL24477,A0,WFS,3.0,0.3,0.06321541218267679,exact,0.06321541218267679,0.06321541218267679,False
ATC_M3_AL24477,A0,WFS,3.0,0.5,0.037447968232824425,exact,0.037447968232824425,0.037447968232824425,False
ATC_M3_AL24477,A0,WFS,3.0,0.7,0.008965690098355461,exact,0.008965690098355461,0.008965690098355461,False
ATC_M3_AL24477,B0,WFS,3.0,0.3,0.41989099844644495,lower_bound,0.41989099844644495,,False
ATC_M3_AL24477,B0,WFS,3.0,0.5,0.4997013633729556,exact,0.4997013633729556,0.4997013633729556,False
ATC_M3_AL24477,B0,WFS,3.0,0.7,0.1568663009533483,exact,0.1568663009533483,0.1568663009533483,False
ATC_M3_AL24477,C0,WFS,3.0,0.3,0.0038187533087405967,exact,0.0038187533087405967,0.0038187533087405967,False
ATC_M3_AL24477,C0,WFS,3.0,0.5,0.0025423601332394408,exact,0.0025423601332394408,0.0025423601332394408,False
ATC_M3_AL24477,C0,WFS,3.0,0.7,-2.0132321306931544e-05,exact,-2.0132321306931544e-05,-2.0132321306931544e-05,False
ATC_M3_AL24477,A0,WFS,5.0,0.3,0.12249441543596595,exact,0.12249441543596595,0.12249441543596595,False
ATC_M3_AL24477,A0,WFS,5.0,0.5,0.12566386300001986,exact,0.12566386300001986,0.12566386300001986,False
ATC_M3_AL24477,A0,WFS,5.0,0.7,0.059729916053285426,exact,0.059729916053285426,0.059729916053285426,False
ATC_M3_AL24477,B0,WFS,5.0,0.3,0.25430115888559923,exact,0.25430115888559923,0.25430115888559923,False
ATC_M3_AL24477,B0,WFS,5.0,0.5,0.2584392336359873,exact,0.2584392336359873,0.2584392336359873,False
ATC_M3_AL24477,B0,WFS,5.0,0.7,-0.06584689287443085,exact,-0.06584689287443085,-0.06584689287443085,False
ATC_M3_AL24477,C0,WFS,5.0,0.3,0.26729425171651533,lower_bound,0.26729425171651533,,False
ATC_M3_AL24477,C0,WFS,5.0,0.5,-0.07907691636589109,exact,-0.07907691636589109,-0.07907691636589109,False
ATC_M3_AL24477,C0,WFS,5.0,0.7,-0.21257354979365178,exact,-0.21257354979365178,-0.21257354979365178,False
ATC_M3_AL24477,A0,RAD,3.0,0.3,-0.015527593578131271,indeterminate,,,False
ATC_M3_AL24477,A0,RAD,3.0,0.5,-0.015902407279617392,indeterminate,,,False
ATC_M3_AL24477,A0,RAD,3.0,0.7,-0.005335188096488475,exact,-0.005335188096488475,-0.005335188096488475,False
ATC_M3_AL24477,B0,RAD,3.0,0.3,-0.20545938865664215,indeterminate,,,False
ATC_M3_AL24477,B0,RAD,3.0,0.5,-0.07437616260684249,indeterminate,,,False
ATC_M3_AL24477,B0,RAD,3.0,0.7,-0.040619269208150566,lower_bound,-0.040619269208150566,,False
ATC_M3_AL24477,C0,RAD,3.0,0.3,0.008030110821366732,indeterminate,,,False
ATC_M3_AL24477,C0,RAD,3.0,0.5,-0.0038460533321377777,indeterminate,,,False
ATC_M3_AL24477,C0,RAD,3.0,0.7,0.0031819596828270846,exact,0.0031819596828270846,0.0031819596828270846,False
ATC_M3_AL24477,A0,RAD,5.0,0.3,0.09985552106559026,lower_bound,0.09985552106559026,,False
ATC_M3_AL24477,A0,RAD,5.0,0.5,0.5969782497833063,exact,0.5969782497833063,0.5969782497833063,False
ATC_M3_AL24477,A0,RAD,5.0,0.7,0.01219379002732035,exact,0.01219379002732035,0.01219379002732035,False
ATC_M3_AL24477,B0,RAD,5.0,0.3,-0.24296903371843004,lower_bound,-0.24296903371843004,,False
ATC_M3_AL24477,B0,RAD,5.0,0.5,-0.42050178159985097,exact,-0.42050178159985097,-0.42050178159985097,False
ATC_M3_AL24477,B0,RAD,5.0,0.7,0.2190660689292328,exact,0.2190660689292328,0.2190660689292328,False
ATC_M3_AL24477,C0,RAD,5.0,0.3,-0.8311273612669814,lower_bound,-0.8311273612669814,,False
ATC_M3_AL24477,C0,RAD,5.0,0.5,0.30164909702704845,lower_bound,0.30164909702704845,,False
ATC_M3_AL24477,C0,RAD,5.0,0.7,-0.02571397157183203,exact,-0.02571397157183203,-0.02571397157183203,False
ATC_M3_AL24477,A0,HOA,3.0,0.3,-0.03933886809710696,exact,-0.03933886809710696,-0.03933886809710696,False
ATC_M3_AL24477,A0,HOA,3.0,0.5,-0.03553294085801917,exact,-0.03553294085801917,-0.03553294085801917,False
ATC_M3_AL24477,A0,HOA,3.0,0.7,-0.012838465039111513,exact,-0.012838465039111513,-0.012838465039111513,False
ATC_M3_AL24477,B0,HOA,3.0,0.3,-0.045572483236867134,exact,-0.045572483236867134,-0.045572483236867134,False
ATC_M3_AL24477,B0,HOA,3.0,0.5,-0.1510638644853135,exact,-0.1510638644853135,-0.1510638644853135,False
ATC_M3_AL24477,B0,HOA,3.0,0.7,-0.07647357853986392,exact,-0.07647357853986392,-0.07647357853986392,False
ATC_M3_AL24477,C0,HOA,3.0,0.3,0.03428746244390424,exact,0.03428746244390424,0.03428746244390424,False
ATC_M3_AL24477,C0,HOA,3.0,0.5,-0.018678562104480823,exact,-0.018678562104480823,-0.018678562104480823,False
ATC_M3_AL24477,C0,HOA,3.0,0.7,0.003042086264908539,exact,0.003042086264908539,0.003042086264908539,False
ATC_M3_AL24477,A0,HOA,5.0,0.3,0.0035284926990337695,exact,0.0035284926990337695,0.0035284926990337695,False
ATC_M3_AL24477,A0,HOA,5.0,0.5,0.25156115292137327,exact,0.25156115292137327,0.25156115292137327,False
ATC_M3_AL24477,A0,HOA,5.0,0.7,0.09986520179152908,exact,0.09986520179152908,0.09986520179152908,False
ATC_M3_AL24477,B0,HOA,5.0,0.3,-0.057223220585074674,exact,-0.057223220585074674,-0.057223220585074674,False
ATC_M3_AL24477,B0,HOA,5.0,0.5,0.46318182367471095,exact,0.46318182367471095,0.46318182367471095,False
ATC_M3_AL24477,B0,HOA,5.0,0.7,1.0364872595134742,exact,1.0364872595134742,1.0364872595134742,False
ATC_M3_AL24477,C0,HOA,5.0,0.3,-0.2227958466269051,indeterminate,,,False
ATC_M3_AL24477,C0,HOA,5.0,0.5,0.3062687707925733,lower_bound,0.3062687707925733,,False
ATC_M3_AL24477,C0,HOA,5.0,0.7,-0.03836235890556505,exact,-0.03836235890556505,-0.03836235890556505,False
