config_id,pair_key,base_id,cornea_id,platform_id,pupil_mm,optic_state,reference_config_id,common_threshold,common_dof50_width_d,common_dof50_far_censored,common_dof50_near_censored
R8_R6_LB_AL2395_N0_WFS_MONO_EPD3,R6_LB_AL2395_N0_WFS_EPD3,LB_AL2395,N0,WFS,3.0,MONO,R8_R6_LB_AL2395_N0_WFS_MONO_EPD3,0.3146374429620985,0.4519830103933509,False,False
R8_R6_LB_AL2395_N0_WFS_EDOF_EPD3,R6_LB_AL2395_N0_WFS_EPD3,LB_AL2395,N0,WFS,3.0,EDOF,R8_R6_LB_AL2395_N0_WFS_MONO_EPD3,0.3146374429620985,0.3776184422764596,False,False
R8_R6_LB_AL2395_N0_WFS_MONO_EPD5,R6_LB_AL2395_N0_WFS_EPD5,LB_AL2395,N0,WFS,5.0,MONO,R8_R6_LB_AL2395_N0_WFS_MONO_EPD5,0.1524993884644963,0.9159671792762432,False,False
R8_R6_LB_AL2395_N0_WFS_EDOF_EPD5,R6_LB_AL2395_N0_WFS_EPD5,LB_AL2395,N0,WFS,5.0,EDOF,R8_R6_LB_AL2395_N0_WFS_MONO_EPD5,0.1524993884644963,0.8516190145565126,False,False
R8_R6_LB_AL2395_N0_RAD_MONO_EPD3,R6_LB_AL2395_N0_RAD_EPD3,LB_AL2395,N0,RAD,3.0,MONO,R8_R6_LB_AL2395_N0_RAD_MONO_EPD3,0.32059485311056773,0.4483692590889119,False,False
R8_R6_LB_AL2395_N0_RAD_EDOF_EPD3,R6_LB_AL2395_N0_RAD_EPD3,LB_AL2395,N0,RAD,3.0,EDOF,R8_R6_LB_AL2395_N0_RAD_MONO_EPD3,0.32059485311056773,0.0,False,False
R8_R6_LB_AL2395_N0_RAD_MONO_EPD5,R6_LB_AL2395_N0_RAD_EPD5,LB_AL2395,N0,RAD,5.0,MONO,R8_R6_LB_AL2395_N0_RAD_MONO_EPD5,0.20204496691139864,0.5821282337587674,False,False
R8_R6_LB_AL2395_N0_RAD_EDOF_EPD5,R6_LB_AL2395_N0_RAD_EPD5,LB_AL2395,N0,RAD,5.0,EDOF,R8_R6_LB_AL2395_N0_RAD_MONO_EPD5,0.20204496691139864,0.11130237853005487,False,False
R8_R6_LB_AL2395_N0_HOA_MONO_EPD3,R6_LB_AL2395_N0_HOA_EPD3,LB_AL2395,N0,HOA,3.0,MONO,R8_R6_LB_AL2395_N0_HOA_MONO_EPD3,0.27703948490897373,0.524443772319144,False,False
R8_R6_LB_AL2395_N0_HOA_EDOF_EPD3,R6_LB_AL2395_N0_HOA_EPD3,LB_AL2395,N0,HOA,3.0,EDOF,R8_R6_LB_AL2395_N0_HOA_MONO_EPD3,0.27703948490897373,0.0,False,False
R8_R6_LB_AL2395_N0_HOA_MONO_EPD5,R6_LB_AL2395_N0_HOA_EPD5,LB_AL2395,N0,HOA,5.0,MONO,R8_R6_LB_AL2395_N0_HOA_MONO_EPD5,0.10072910970294675,1.738743693174318,False,False
R8_R6_LB_AL2395_N0_HOA_EDOF_EPD5,R6_LB_AL2395_N0_HOA_EPD5,LB_AL2395,N0,HOA,5.0,EDOF,R8_R6_LB_AL2395_N0_HOA_MONO_EPD5,0.10072910970294675,0.8733011878574674,False,False
R8_R6_LB_AL2395_A0_WFS_MONO_EPD3,R6_LB_AL2395_A0_WFS_EPD3,LB_AL2395,A0,WFS,3.0,MONO,R8_R6_LB_AL2395_N0_WFS_MONO_EPD3,0.3146374429620985,0.45508649495627684,False,False
R8_R6_LB_AL2395_A0_WFS_EDOF_EPD3,R6_LB_AL2395_A0_WFS_EPD3,LB_AL2395,A0,WFS,3.0,EDOF,R8_R6_LB_AL2395_N0_WFS_MONO_EPD3,0.3146374429620985,0.3600920484227335,False,False
R8_R6_LB_AL2395_A0_WFS_MONO_EPD5,R6_LB_AL2395_A0_WFS_EPD5,LB_AL2395,A0,WFS,5.0,MONO,R8_R6_LB_AL2395_N0_WFS_MONO_EPD5,0.1524993884644963,0.7933120943078391,False,False
R8_R6_LB_AL2395_A0_WFS_EDOF_EPD5,R6_LB_AL2395_A0_WFS_EPD5,LB_AL2395,A0,WFS,5.0,EDOF,R8_R6_LB_AL2395_N0_WFS_MONO_EPD5,0.1524993884644963,0.7570644025300641,False,False
R8_R6_LB_AL2395_A0_RAD_MONO_EPD3,R6_LB_AL2395_A0_RAD_EPD3,LB_AL2395,A0,RAD,3.0,MONO,R8_R6_LB_AL2395_N0_RAD_MONO_EPD3,0.32059485311056773,0.4485432953236638,False,False
R8_R6_LB_AL2395_A0_RAD_EDOF_EPD3,R6_LB_AL2395_A0_RAD_EPD3,LB_AL2395,A0,RAD,3.0,EDOF,R8_R6_LB_AL2395_N0_RAD_MONO_EPD3,0.32059485311056773,0.0,False,False
R8_R6_LB_AL2395_A0_RAD_MONO_EPD5,R6_LB_AL2395_A0_RAD_EPD5,LB_AL2395,A0,RAD,5.0,MONO,R8_R6_LB_AL2395_N0_RAD_MONO_EPD5,0.20204496691139864,0.45716428906796425,False,False
R8_R6_LB_AL2395_A0_RAD_EDOF_EPD5,R6_LB_AL2395_A0_RAD_EPD5,LB_AL2395,A0,RAD,5.0,EDOF,R8_R6_LB_AL2395_N0_RAD_MONO_EPD5,0.20204496691139864,0.0,False,False
R8_R6_LB_AL2395_A0_HOA_MONO_EPD3,R6_LB_AL2395_A0_HOA_EPD3,LB_AL2395,A0,HOA,3.0,MONO,R8_R6_LB_AL2395_N0_HOA_MONO_EPD3,0.27703948490897373,0.526539720012756,False,False
R8_R6_LB_AL2395_A0_HOA_EDOF_EPD3,R6_LB_AL2395_A0_HOA_EPD3,LB_AL2395,A0,HOA,3.0,EDOF,R8_R6_LB_AL2395_N0_HOA_MONO_EPD3,0.27703948490897373,0.0,False,False
R8_R6_LB_AL2395_A0_HOA_MONO_EPD5,R6_LB_AL2395_A0_HOA_EPD5,LB_AL2395,A0,HOA,5.0,MONO,R8_R6_LB_AL2395_N0_HOA_MONO_EPD5,0.10072910970294675,1.335389568073941,False,False
R8_R6_LB_AL2395_A0_HOA_EDOF_EPD5,R6_LB_AL2395_A0_HOA_EPD5,LB_AL2395,A0,HOA,5.0,EDOF,R8_R6_LB_AL2395_N0_HOA_MONO_EPD5,0.10072910970294675,0.5451297789383487,False,False
R8_R6_LB_AL2395_B0_WFS_MONO_EPD3,R6_LB_AL2395_B0_WFS_EPD3,LB_AL2395,B0,WFS,3.0,MONO,R8_R6_LB_AL2395_N0_WFS_MONO_EPD3,0.3146374429620985,0.4473286712564334,False,False
R8_R6_LB_AL2395_B0_WFS_EDOF_EPD3,R6_LB_AL2395_B0_WFS_EPD3,LB_AL2395,B0,WFS,3.0,EDOF,R8_R6_LB_AL2395_N0_WFS_MONO_EPD3,0.3146374429620985,0.1466481006077304,False,False
R8_R6_LB_AL2395_B0_WFS_MONO_EPD5,R6_LB_AL2395_B0_WFS_EPD5,LB_AL2395,B0,WFS,5.0,MONO,R8_R6_LB_AL2395_N0_WFS_MONO_EPD5,0.1524993884644963,0.3468734230913272,False,False
R8_R6_LB_AL2395_B0_WFS_EDOF_EPD5,R6_LB_AL2395_B0_WFS_EPD5,LB_AL2395,B0,WFS,5.0,EDOF,R8_R6_LB_AL2395_N0_WFS_MONO_EPD5,0.1524993884644963,0.14919573532982794,False,False
R8_R6_LB_AL2395_B0_RAD_MONO_EPD3,R6_LB_AL2395_B0_RAD_EPD3,LB_AL2395,B0,RAD,3.0,MONO,R8_R6_LB_AL2395_N0_RAD_MONO_EPD3,0.32059485311056773,0.43968920456477595,False,False
R8_R6_LB_AL2395_B0_RAD_EDOF_EPD3,R6_LB_AL2395_B0_RAD_EPD3,LB_AL2395,B0,RAD,3.0,EDOF,R8_R6_LB_AL2395_N0_RAD_MONO_EPD3,0.32059485311056773,0.002704696586678601,False,False
R8_R6_LB_AL2395_B0_RAD_MONO_EPD5,R6_LB_AL2395_B0_RAD_EPD5,LB_AL2395,B0,RAD,5.0,MONO,R8_R6_LB_AL2395_N0_RAD_MONO_EPD5,0.20204496691139864,0.02208950706961596,False,False
R8_R6_LB_AL2395_B0_RAD_EDOF_EPD5,R6_LB_AL2395_B0_RAD_EPD5,LB_AL2395,B0,RAD,5.0,EDOF,R8_R6_LB_AL2395_N0_RAD_MONO_EPD5,0.20204496691139864,0.0,False,False
R8_R6_LB_AL2395_B0_HOA_MONO_EPD3,R6_LB_AL2395_B0_HOA_EPD3,LB_AL2395,B0,HOA,3.0,MONO,R8_R6_LB_AL2395_N0_HOA_MONO_EPD3,0.27703948490897373,0.5196943601146236,False,False
R8_R6_LB_AL2395_B0_HOA_EDOF_EPD3,R6_LB_AL2395_B0_HOA_EPD3,LB_AL2395,B0,HOA,3.0,EDOF,R8_R6_LB_AL2395_N0_HOA_MONO_EPD3,0.27703948490897373,0.0,False,False
R8_R6_LB_AL2395_B0_HOA_MONO_EPD5,R6_LB_AL2395_B0_HOA_EPD5,LB_AL2395,B0,HOA,5.0,MONO,R8_R6_LB_AL2395_N0_HOA_MONO_EPD5,0.10072910970294675,0.6228681157354672,False,False
R8_R6_LB_AL2395_B0_HOA_EDOF_EPD5,R6_LB_AL2395_B0_HOA_EPD5,LB_AL2395,B0,HOA,5.0,EDOF,R8_R6_LB_AL2395_N0_HOA_MONO_EPD5,0.10072910970294675,0.19179331368223135,False,False
R8_R6_LB_AL2395_C0_WFS_MONO_EPD3,R6_LB_AL2395_C0_WFS_EPD3,LB_AL2395,C0,WFS,3.0,MONO,R8_R6_LB_AL2395_N0_WFS_MONO_EPD3,0.3146374429620985,0.4517782057422424,False,False
R8_R6_LB_AL2395_C0_WFS_EDOF_EPD3,R6_LB_AL2395_C0_WFS_EPD3,LB_AL2395,C0,WFS,3.0,EDOF,R8_R6_LB_AL2395_N0_WFS_MONO_EPD3,0.3146374429620985,0.374799915672147,False,False
R8_R6_LB_AL2395_C0_WFS_MONO_EPD5,R6_LB_AL2395_C0_WFS_EPD5,LB_AL2395,C0,WFS,5.0,MONO,R8_R6_LB_AL2395_N0_WFS_MONO_EPD5,0.1524993884644963,0.4209170018498871,False,False
R8_R6_LB_AL2395_C0_WFS_EDOF_EPD5,R6_LB_AL2395_C0_WFS_EPD5,LB_AL2395,C0,WFS,5.0,EDOF,R8_R6_LB_AL2395_N0_WFS_MONO_EPD5,0.1524993884644963,0.3506119795881629,False,False
R8_R6_LB_AL2395_C0_RAD_MONO_EPD3,R6_LB_AL2395_C0_RAD_EPD3,LB_AL2395,C0,RAD,3.0,MONO,R8_R6_LB_AL2395_N0_RAD_MONO_EPD3,0.32059485311056773,0.4500964631651799,False,False
R8_R6_LB_AL2395_C0_RAD_EDOF_EPD3,R6_LB_AL2395_C0_RAD_EPD3,LB_AL2395,C0,RAD,3.0,EDOF,R8_R6_LB_AL2395_N0_RAD_MONO_EPD3,0.32059485311056773,0.0,False,False
R8_R6_LB_AL2395_C0_RAD_MONO_EPD5,R6_LB_AL2395_C0_RAD_EPD5,LB_AL2395,C0,RAD,5.0,MONO,R8_R6_LB_AL2395_N0_RAD_MONO_EPD5,0.20204496691139864,0.2858891255872194,False,False
R8_R6_LB_AL2395_C0_RAD_EDOF_EPD5,R6_LB_AL2395_C0_RAD_EPD5,LB_AL2395,C0,RAD,5.0,EDOF,R8_R6_LB_AL2395_N0_RAD_MONO_EPD5,0.20204496691139864,0.0,False,False
R8_R6_LB_AL2395_C0_HOA_MONO_EPD3,R6_LB_AL2395_C0_HOA_EPD3,LB_AL2395,C0,HOA,3.0,MONO,R8_R6_LB_AL2395_N0_HOA_MONO_EPD3,0.27703948490897373,0.5208604892864548,False,False
R8_R6_LB_AL2395_C0_HOA_EDOF_EPD3,R6_LB_AL2395_C0_HOA_EPD3,LB_AL2395,C0,HOA,3.0,EDOF,R8_R6_LB_AL2395_N0_HOA_MONO_EPD3,0.27703948490897373,0.0,False,False
R8_R6_LB_AL2395_C0_HOA_MONO_EPD5,R6_LB_AL2395_C0_HOA_EPD5,LB_AL2395,C0,HOA,5.0,MONO,R8_R6_LB_AL2395_N0_HOA_MONO_EPD5,0.10072910970294675,1.387844505107228,True,False
R8_R6_LB_AL2395_C0_HOA_EDOF_EPD5,R6_LB_AL2395_C0_HOA_EPD5,LB_AL2395,C0,HOA,5.0,EDOF,R8_R6_LB_AL2395_N0_HOA_MONO_EPD5,0.10072910970294675,0.7214184626605962,False,False
R8_R6_ATC_M3_AL24477_N0_WFS_MONO_EPD3,R6_ATC_M3_AL24477_N0_WFS_EPD3,ATC_M3_AL24477,N0,WFS,3.0,MONO,R8_R6_ATC_M3_AL24477_N0_WFS_MONO_EPD3,0.3181338364356005,0.4487415421507896,False,False
R8_R6_ATC_M3_AL24477_N0_WFS_EDOF_EPD3,R6_ATC_M3_AL24477_N0_WFS_EPD3,ATC_M3_AL24477,N0,WFS,3.0,EDOF,R8_R6_ATC_M3_AL24477_N0_WFS_MONO_EPD3,0.3181338364356005,0.38080133967411833,False,False
R8_R6_ATC_M3_AL24477_N0_WFS_MONO_EPD5,R6_ATC_M3_AL24477_N0_WFS_EPD5,ATC_M3_AL24477,N0,WFS,5.0,MONO,R8_R6_ATC_M3_AL24477_N0_WFS_MONO_EPD5,0.16486725210838477,0.7869695865287896,False,False
R8_R6_ATC_M3_AL24477_N0_WFS_EDOF_EPD5,R6_ATC_M3_AL24477_N0_WFS_EPD5,ATC_M3_AL24477,N0,WFS,5.0,EDOF,R8_R6_ATC_M3_AL24477_N0_WFS_MONO_EPD5,0.16486725210838477,0.7449072649208967,False,False
R8_R6_ATC_M3_AL24477_N0_RAD_MONO_EPD3,R6_ATC_M3_AL24477_N0_RAD_EPD3,ATC_M3_AL24477,N0,RAD,3.0,MONO,R8_R6_ATC_M3_AL24477_N0_RAD_MONO_EPD3,0.3211262585441685,0.45001915601537085,False,False
R8_R6_ATC_M3_AL24477_N0_RAD_EDOF_EPD3,R6_ATC_M3_AL24477_N0_RAD_EPD3,ATC_M3_AL24477,N0,RAD,3.0,EDOF,R8_R6_ATC_M3_AL24477_N0_RAD_MONO_EPD3,0.3211262585441685,0.0,False,False
R8_R6_ATC_M3_AL24477_N0_RAD_MONO_EPD5,R6_ATC_M3_AL24477_N0_RAD_EPD5,ATC_M3_AL24477,N0,RAD,5.0,MONO,R8_R6_ATC_M3_AL24477_N0_RAD_MONO_EPD5,0.21773435019515724,0.5230574019232528,False,False
R8_R6_ATC_M3_AL24477_N0_RAD_EDOF_EPD5,R6_ATC_M3_AL24477_N0_RAD_EPD5,ATC_M3_AL24477,N0,RAD,5.0,EDOF,R8_R6_ATC_M3_AL24477_N0_RAD_MONO_EPD5,0.21773435019515724,0.16529205568541677,False,False
R8_R6_ATC_M3_AL24477_N0_HOA_MONO_EPD3,R6_ATC_M3_AL24477_N0_HOA_EPD3,ATC_M3_AL24477,N0,HOA,3.0,MONO,R8_R6_ATC_M3_AL24477_N0_HOA_MONO_EPD3,0.2834710520336761,0.5078020633505886,False,False
R8_R6_ATC_M3_AL24477_N0_HOA_EDOF_EPD3,R6_ATC_M3_AL24477_N0_HOA_EPD3,ATC_M3_AL24477,N0,HOA,3.0,EDOF,R8_R6_ATC_M3_AL24477_N0_HOA_MONO_EPD3,0.2834710520336761,0.0,False,False
R8_R6_ATC_M3_AL24477_N0_HOA_MONO_EPD5,R6_ATC_M3_AL24477_N0_HOA_EPD5,ATC_M3_AL24477,N0,HOA,5.0,MONO,R8_R6_ATC_M3_AL24477_N0_HOA_MONO_EPD5,0.10353626062369405,1.6376110758391558,False,False
R8_R6_ATC_M3_AL24477_N0_HOA_EDOF_EPD5,R6_ATC_M3_AL24477_N0_HOA_EPD5,ATC_M3_AL24477,N0,HOA,5.0,EDOF,R8_R6_ATC_M3_AL24477_N0_HOA_MONO_EPD5,0.10353626062369405,1.2367453466377154,False,False
R8_R6_ATC_M3_AL24477_A0_WFS_MONO_EPD3,R6_ATC_M3_AL24477_A0_WFS_EPD3,ATC_M3_AL24477,A0,WFS,3.0,MONO,R8_R6_ATC_M3_AL24477_N0_WFS_MONO_EPD3,0.3181338364356005,0.451714038362086,False,False
R8_R6_ATC_M3_AL24477_A0_WFS_EDOF_EPD3,R6_ATC_M3_AL24477_A0_WFS_EPD3,ATC_M3_AL24477,A0,WFS,3.0,EDOF,R8_R6_ATC_M3_AL24477_N0_WFS_MONO_EPD3,0.3181338364356005,0.3676037733623495,False,False
R8_R6_ATC_M3_AL24477_A0_WFS_MONO_EPD5,R6_ATC_M3_AL24477_A0_WFS_EPD5,ATC_M3_AL24477,A0,WFS,5.0,MONO,R8_R6_ATC_M3_AL24477_N0_WFS_MONO_EPD5,0.16486725210838477,0.7225963710383885,False,False
R8_R6_ATC_M3_AL24477_A0_WFS_EDOF_EPD5,R6_ATC_M3_AL24477_A0_WFS_EPD5,ATC_M3_AL24477,A0,WFS,5.0,EDOF,R8_R6_ATC_M3_AL24477_N0_WFS_MONO_EPD5,0.16486725210838477,0.7071615818499883,False,False
R8_R6_ATC_M3_AL24477_A0_RAD_MONO_EPD3,R6_ATC_M3_AL24477_A0_RAD_EPD3,ATC_M3_AL24477,A0,RAD,3.0,MONO,R8_R6_ATC_M3_AL24477_N0_RAD_MONO_EPD3,0.3211262585441685,0.4493961334716634,False,False
R8_R6_ATC_M3_AL24477_A0_RAD_EDOF_EPD3,R6_ATC_M3_AL24477_A0_RAD_EPD3,ATC_M3_AL24477,A0,RAD,3.0,EDOF,R8_R6_ATC_M3_AL24477_N0_RAD_MONO_EPD3,0.3211262585441685,0.0,False,False
R8_R6_ATC_M3_AL24477_A0_RAD_MONO_EPD5,R6_ATC_M3_AL24477_A0_RAD_EPD5,ATC_M3_AL24477,A0,RAD,5.0,MONO,R8_R6_ATC_M3_AL24477_N0_RAD_MONO_EPD5,0.21773435019515724,0.44432965094772886,False,False
R8_R6_ATC_M3_AL24477_A0_RAD_EDOF_EPD5,R6_ATC_M3_AL24477_A0_RAD_EPD5,ATC_M3_AL24477,A0,RAD,5.0,EDOF,R8_R6_ATC_M3_AL24477_N0_RAD_MONO_EPD5,0.21773435019515724,0.0,False,False
R8_R6_ATC_M3_AL24477_A0_HOA_MONO_EPD3,R6_ATC_M3_AL24477_A0_HOA_EPD3,ATC_M3_AL24477,A0,HOA,3.0,MONO,R8_R6_ATC_M3_AL24477_N0_HOA_MONO_EPD3,0.2834710520336761,0.5124368811178373,False,False
R8_R6_ATC_M3_AL24477_A0_HOA_EDOF_EPD3,R6_ATC_M3_AL24477_A0_HOA_EPD3,ATC_M3_AL24477,A0,HOA,3.0,EDOF,R8_R6_ATC_M3_AL24477_N0_HOA_MONO_EPD3,0.2834710520336761,0.0,False,False
R8_R6_ATC_M3_AL24477_A0_HOA_MONO_EPD5,R6_ATC_M3_AL24477_A0_HOA_EPD5,ATC_M3_AL24477,A0,HOA,5.0,MONO,R8_R6_ATC_M3_AL24477_N0_HOA_MONO_EPD5,0.10353626062369405,1.490495368963779,False,False
R8_R6_ATC_M3_AL24477_A0_HOA_EDOF_EPD5,R6_ATC_M3_AL24477_A0_HOA_EPD5,ATC_M3_AL24477,A0,HOA,5.0,EDOF,R8_R6_ATC_M3_AL24477_N0_HOA_MONO_EPD5,0.10353626062369405,1.061696185537076,False,False
R8_R6_ATC_M3_AL24477_B0_WFS_MONO_EPD3,R6_ATC_M3_AL24477_B0_WFS_EPD3,ATC_M3_AL24477,B0,WFS,3.0,MONO,R8_R6_ATC_M3_AL24477_N0_WFS_MONO_EPD3,0.3181338364356005,0.4429543733314145,False,False
R8_R6_ATC_M3_AL24477_B0_WFS_EDOF_EPD3,R6_ATC_M3_AL24477_B0_WFS_EPD3,ATC_M3_AL24477,B0,WFS,3.0,EDOF,R8_R6_ATC_M3_AL24477_N0_WFS_MONO_EPD3,0.3181338364356005,0.2076044023111062,False,False
R8_R6_ATC_M3_AL24477_B0_WFS_MONO_EPD5,R6_ATC_M3_AL24477_B0_WFS_EPD5,ATC_M3_AL24477,B0,WFS,5.0,MONO,R8_R6_ATC_M3_AL24477_N0_WFS_MONO_EPD5,0.16486725210838477,0.30382940685523874,False,False
R8_R6_ATC_M3_AL24477_B0_WFS_EDOF_EPD5,R6_ATC_M3_AL24477_B0_WFS_EPD5,ATC_M3_AL24477,B0,WFS,5.0,EDOF,R8_R6_ATC_M3_AL24477_N0_WFS_MONO_EPD5,0.16486725210838477,0.06974887868824692,False,False
R8_R6_ATC_M3_AL24477_B0_RAD_MONO_EPD3,R6_ATC_M3_AL24477_B0_RAD_EPD3,ATC_M3_AL24477,B0,RAD,3.0,MONO,R8_R6_ATC_M3_AL24477_N0_RAD_MONO_EPD3,0.3211262585441685,0.44260792911120805,False,False
R8_R6_ATC_M3_AL24477_B0_RAD_EDOF_EPD3,R6_ATC_M3_AL24477_B0_RAD_EPD3,ATC_M3_AL24477,B0,RAD,3.0,EDOF,R8_R6_ATC_M3_AL24477_N0_RAD_MONO_EPD3,0.3211262585441685,0.0,False,False
R8_R6_ATC_M3_AL24477_B0_RAD_MONO_EPD5,R6_ATC_M3_AL24477_B0_RAD_EPD5,ATC_M3_AL24477,B0,RAD,5.0,MONO,R8_R6_ATC_M3_AL24477_N0_RAD_MONO_EPD5,0.21773435019515724,0.0,False,False
R8_R6_ATC_M3_AL24477_B0_RAD_EDOF_EPD5,R6_ATC_M3_AL24477_B0_RAD_EPD5,ATC_M3_AL24477,B0,RAD,5.0,EDOF,R8_R6_ATC_M3_AL24477_N0_RAD_MONO_EPD5,0.21773435019515724,0.0,False,False
R8_R6_ATC_M3_AL24477_B0_HOA_MONO_EPD3,R6_ATC_M3_AL24477_B0_HOA_EPD3,ATC_M3_AL24477,B0,HOA,3.0,MONO,R8_R6_ATC_M3_AL24477_N0_HOA_MONO_EPD3,0.2834710520336761,0.5030411465710547,False,False
R8_R6_ATC_M3_AL24477_B0_HOA_EDOF_EPD3,R6_ATC_M3_AL24477_B0_HOA_EPD3,ATC_M3_AL24477,B0,HOA,3.0,EDOF,R8_R6_ATC_M3_AL24477_N0_HOA_MONO_EPD3,0.2834710520336761,0.0,False,False
R8_R6_ATC_M3_AL24477_B0_HOA_MONO_EPD5,R6_ATC_M3_AL24477_B0_HOA_EPD5,ATC_M3_AL24477,B0,HOA,5.0,MONO,R8_R6_ATC_M3_AL24477_N0_HOA_MONO_EPD5,0.10353626062369405,0.6121496974109581,False,False
R8_R6_ATC_M3_AL24477_B0_HOA_EDOF_EPD5,R6_ATC_M3_AL24477_B0_HOA_EPD5,ATC_M3_AL24477,B0,HOA,5.0,EDOF,R8_R6_ATC_M3_AL24477_N0_HOA_MONO_EPD5,0.10353626062369405,0.2880770725830513,False,False
R8_R6_ATC_M3_AL24477_C0_WFS_MONO_EPD3,R6_ATC_M3_AL24477_C0_WFS_EPD3,ATC_M3_AL24477,C0,WFS,3.0,MONO,R8_R6_ATC_M3_AL24477_N0_WFS_MONO_EPD3,0.3181338364356005,0.4486709100195424,False,False
R8_R6_ATC_M3_AL24477_C0_WFS_EDOF_EPD3,R6_ATC_M3_AL24477_C0_WFS_EPD3,ATC_M3_AL24477,C0,WFS,3.0,EDOF,R8_R6_ATC_M3_AL24477_N0_WFS_MONO_EPD3,0.3181338364356005,0.3787683208386303,False,False
R8_R6_ATC_M3_AL24477_C0_WFS_MONO_EPD5,R6_ATC_M3_AL24477_C0_WFS_EPD5,ATC_M3_AL24477,C0,WFS,5.0,MONO,R8_R6_ATC_M3_AL24477_N0_WFS_MONO_EPD5,0.16486725210838477,0.38200412596644706,False,False
R8_R6_ATC_M3_AL24477_C0_WFS_EDOF_EPD5,R6_ATC_M3_AL24477_C0_WFS_EPD5,ATC_M3_AL24477,C0,WFS,5.0,EDOF,R8_R6_ATC_M3_AL24477_N0_WFS_MONO_EPD5,0.16486725210838477,0.2919565256647141,False,False
R8_R6_ATC_M3_AL24477_C0_RAD_MONO_EPD3,R6_ATC_M3_AL24477_C0_RAD_EPD3,ATC_M3_AL24477,C0,RAD,3.0,MONO,R8_R6_ATC_M3_AL24477_N0_RAD_MONO_EPD3,0.3211262585441685,0.44982002775651175,False,False
R8_R6_ATC_M3_AL24477_C0_RAD_EDOF_EPD3,R6_ATC_M3_AL24477_C0_RAD_EPD3,ATC_M3_AL24477,C0,RAD,3.0,EDOF,R8_R6_ATC_M3_AL24477_N0_RAD_MONO_EPD3,0.3211262585441685,0.0,False,False
R8_R6_ATC_M3_AL24477_C0_RAD_MONO_EPD5,R6_ATC_M3_AL24477_C0_RAD_EPD5,ATC_M3_AL24477,C0,RAD,5.0,MONO,R8_R6_ATC_M3_AL24477_N0_RAD_MONO_EPD5,0.21773435019515724,0.2371777317849778,False,False
R8_R6_ATC_M3_AL24477_C0_RAD_EDOF_EPD5,R6_ATC_M3_AL24477_C0_RAD_EPD5,ATC_M3_AL24477,C0,RAD,5.0,EDOF,R8_R6_ATC_M3_AL24477_N0_RAD_MONO_EPD5,0.21773435019515724,0.0,False,False
R8_R6_ATC_M3_AL24477_C0_HOA_MONO_EPD3,R6_ATC_M3_AL24477_C0_HOA_EPD3,ATC_M3_AL24477,C0,HOA,3.0,MONO,R8_R6_ATC_M3_AL24477_N0_HOA_MONO_EPD3,0.2834710520336761,0.5088756781103595,False,False
R8_R6_ATC_M3_AL24477_C0_HOA_EDOF_EPD3,R6_ATC_M3_AL24477_C0_HOA_EPD3,ATC_M3_AL24477,C0,HOA,3.0,EDOF,R8_R6_ATC_M3_AL24477_N0_HOA_MONO_EPD3,0.2834710520336761,0.0,False,False
R8_R6_ATC_M3_AL24477_C0_HOA_MONO_EPD5,R6_ATC_M3_AL24477_C0_HOA_EPD5,ATC_M3_AL24477,C0,HOA,5.0,MONO,R8_R6_ATC_M3_AL24477_N0_HOA_MONO_EPD5,0.10353626062369405,1.3410869601440452,True,False
R8_R6_ATC_M3_AL24477_C0_HOA_EDOF_EPD5,R6_ATC_M3_AL24477_C0_HOA_EPD5,ATC_M3_AL24477,C0,HOA,5.0,EDOF,R8_R6_ATC_M3_AL24477_N0_HOA_MONO_EPD5,0.10353626062369405,0.5896918566017699,True,False
