基础模型眼,角膜光学表型,人工晶状体延焦机制,瞳孔,DOF50改变量_D,DOF50状态,0D处MTFa改变量,全贯焦平均MTFa改变量,距离峰值MTFa改变量,C4⁰改变量_μm,C6⁰改变量_μm,高阶像差RMS改变量_μm,距离峰值搜索窗状态,内部base_id,内部cornea_id,内部platform_id,内部pair_key
Liou–Brennan 模型眼（眼轴 23.95 mm）,未治疗参照角膜,波前塑形型延焦,3 mm 瞳孔,0.1941233561188745,精确值,-0.1663794428288085,-0.0131839411587714,-0.1663794428288085,0.0330371872915931,-0.016161162914509,0.035855318032455,未删失,LB_AL2395,N0,WFS,CAR_LB_AL2395_N0_WFS_EPD3
Liou–Brennan 模型眼（眼轴 23.95 mm）,未治疗参照角膜,波前塑形型延焦,5 mm 瞳孔,-0.0329658782502204,精确值,-0.0737358292601937,-0.0066773070261125,-0.0018459867501365,0.0024544478491774,-0.01003132799414,0.0025155329225076,未删失,LB_AL2395,N0,WFS,CAR_LB_AL2395_N0_WFS_EPD5
Liou–Brennan 模型眼（眼轴 23.95 mm）,未治疗参照角膜,径向屈光力调制型延焦,3 mm 瞳孔,0.1891297411549353,精确值,-0.2878302926742729,-0.0147343223691776,-0.2878302926742729,0.0150952323524923,-0.0888977924005035,0.0859120467458548,未删失,LB_AL2395,N0,RAD,CAR_LB_AL2395_N0_RAD_EPD3
Liou–Brennan 模型眼（眼轴 23.95 mm）,未治疗参照角膜,径向屈光力调制型延焦,5 mm 瞳孔,-0.0763713084212901,精确值,-0.0309446328885134,-0.0109320030408956,-0.0309446328885134,-0.1296770023025409,0.0611333810209169,0.0303032281004344,未删失,LB_AL2395,N0,RAD,CAR_LB_AL2395_N0_RAD_EPD5
Liou–Brennan 模型眼（眼轴 23.95 mm）,未治疗参照角膜,高阶像差调制型延焦,3 mm 瞳孔,0.7356147902542374,精确值,-0.4848722232462683,-0.0819313450467084,-0.429841151778812,-0.0718886507512386,0.1788126246072464,0.1624914823781173,未删失,LB_AL2395,N0,HOA,CAR_LB_AL2395_N0_HOA_EPD3
Liou–Brennan 模型眼（眼轴 23.95 mm）,未治疗参照角膜,高阶像差调制型延焦,5 mm 瞳孔,-0.2879983155363839,精确值,-0.170024480690159,-0.0253096250036944,-0.0332970928471122,-0.002618898512313,0.0165956297164441,-0.0016537375251478,受搜索窗边界限制,LB_AL2395,N0,HOA,CAR_LB_AL2395_N0_HOA_EPD5
Liou–Brennan 模型眼（眼轴 23.95 mm）,近视术后准单焦角膜,波前塑形型延焦,3 mm 瞳孔,0.2241485709626446,精确值,-0.172678220518498,-0.0145445735781665,-0.172678220518498,0.0321320906344138,-0.0174189739902253,0.0351909585029211,未删失,LB_AL2395,A0V12,WFS,CAR_LB_AL2395_A0V12_WFS_EPD3
Liou–Brennan 模型眼（眼轴 23.95 mm）,近视术后准单焦角膜,波前塑形型延焦,5 mm 瞳孔,0.113241051221899,精确值,-0.069557272572145,-0.0063841437134247,-0.0247690696638629,0.002056105113954,-0.0094715972492074,0.0020813558081174,未删失,LB_AL2395,A0V12,WFS,CAR_LB_AL2395_A0V12_WFS_EPD5
Liou–Brennan 模型眼（眼轴 23.95 mm）,近视术后准单焦角膜,径向屈光力调制型延焦,3 mm 瞳孔,0.1621157600160401,精确值,-0.2813470211104907,-0.0164350411205513,-0.2813470211104907,0.0048522766429856,-0.091285210972584,0.083305330807486,未删失,LB_AL2395,A0V12,RAD,CAR_LB_AL2395_A0V12_RAD_EPD3
Liou–Brennan 模型眼（眼轴 23.95 mm）,近视术后准单焦角膜,径向屈光力调制型延焦,5 mm 瞳孔,0.0146183222934063,精确值,-0.0544509320125984,-0.0137576340422617,-0.0700989677583148,-0.128954689196528,0.0635594555843822,-0.012737625089324,未删失,LB_AL2395,A0V12,RAD,CAR_LB_AL2395_A0V12_RAD_EPD5
Liou–Brennan 模型眼（眼轴 23.95 mm）,近视术后准单焦角膜,高阶像差调制型延焦,3 mm 瞳孔,0.6592149240974534,精确值,-0.4720166776076612,-0.0807593648257121,-0.413389946013168,-0.0668983612546541,0.1709648622198187,0.1490767523370605,未删失,LB_AL2395,A0V12,HOA,CAR_LB_AL2395_A0V12_HOA_EPD3
Liou–Brennan 模型眼（眼轴 23.95 mm）,近视术后准单焦角膜,高阶像差调制型延焦,5 mm 瞳孔,-0.2828742719377439,精确值,-0.1645517829865669,-0.0247780002681742,-0.0460540221144802,-0.0023784015241368,0.0152309423730674,-0.0016240673480465,受搜索窗边界限制,LB_AL2395,A0V12,HOA,CAR_LB_AL2395_A0V12_HOA_EPD5
Liou–Brennan 模型眼（眼轴 23.95 mm）,连续非球面角膜延焦原型,波前塑形型延焦,3 mm 瞳孔,0.4597038588324205,下界,-0.2044149093356742,-0.016955155218166,-0.2044149093356742,0.0321953253379434,-0.0173580339294374,0.0346015845266054,未删失,LB_AL2395,B0V12,WFS,CAR_LB_AL2395_B0V12_WFS_EPD3
Liou–Brennan 模型眼（眼轴 23.95 mm）,连续非球面角膜延焦原型,波前塑形型延焦,5 mm 瞳孔,0.0398615060186071,精确值,-0.0755303210327652,-0.0055842217490989,-0.0147806603733146,0.0020732526332279,-0.0095036439786498,0.0021324955560871,受搜索窗边界限制,LB_AL2395,B0V12,WFS,CAR_LB_AL2395_B0V12_WFS_EPD5
Liou–Brennan 模型眼（眼轴 23.95 mm）,连续非球面角膜延焦原型,径向屈光力调制型延焦,3 mm 瞳孔,0.2456127860257846,精确值,-0.2664983198140893,-0.0194222104491194,-0.2664983198140893,0.0054813880909902,-0.0911257924569608,0.0723028908850761,未删失,LB_AL2395,B0V12,RAD,CAR_LB_AL2395_B0V12_RAD_EPD3
Liou–Brennan 模型眼（眼轴 23.95 mm）,连续非球面角膜延焦原型,径向屈光力调制型延焦,5 mm 瞳孔,0.1984213372068579,精确值,-0.0701918110641204,-0.011997908217947,-0.0446452264252587,-0.1289336919250601,0.0634238886413137,-0.1004523724155108,受搜索窗边界限制,LB_AL2395,B0V12,RAD,CAR_LB_AL2395_B0V12_RAD_EPD5
Liou–Brennan 模型眼（眼轴 23.95 mm）,连续非球面角膜延焦原型,高阶像差调制型延焦,3 mm 瞳孔,0.7346619133253438,精确值,-0.4308597633811254,-0.0787692369106363,-0.3711649701018604,-0.066987154246418,0.1713350787427237,0.1331678316315333,未删失,LB_AL2395,B0V12,HOA,CAR_LB_AL2395_B0V12_HOA_EPD3
Liou–Brennan 模型眼（眼轴 23.95 mm）,连续非球面角膜延焦原型,高阶像差调制型延焦,5 mm 瞳孔,-0.2292872426012735,精确值,-0.1394594587131937,-0.0220214978432571,-0.0615898345494927,-0.0023272900407084,0.0152819703805051,-0.0018689374929447,受搜索窗边界限制,LB_AL2395,B0V12,HOA,CAR_LB_AL2395_B0V12_HOA_EPD5
Liou–Brennan 模型眼（眼轴 23.95 mm）,中央近用径向多焦角膜,波前塑形型延焦,3 mm 瞳孔,0.1866766897371364,精确值,-0.1643274441582897,-0.0136164368063036,-0.1643274441582897,0.0326833645164321,-0.0166751459412543,0.0356686101096769,未删失,LB_AL2395,C0V12,WFS,CAR_LB_AL2395_C0V12_WFS_EPD3
Liou–Brennan 模型眼（眼轴 23.95 mm）,中央近用径向多焦角膜,波前塑形型延焦,5 mm 瞳孔,0.084814239228681,精确值,-0.0771246823614359,-0.0031688466456516,-0.0771246823614359,0.0022865260613478,-0.009801984003854,-0.0004237179513411,未删失,LB_AL2395,C0V12,WFS,CAR_LB_AL2395_C0V12_WFS_EPD5
Liou–Brennan 模型眼（眼轴 23.95 mm）,中央近用径向多焦角膜,径向屈光力调制型延焦,3 mm 瞳孔,0.1959723579447436,精确值,-0.2866436182995553,-0.0150543647205778,-0.2866436182995553,0.0109918247612873,-0.0899812703643327,0.0857850408260286,未删失,LB_AL2395,C0V12,RAD,CAR_LB_AL2395_C0V12_RAD_EPD3
Liou–Brennan 模型眼（眼轴 23.95 mm）,中央近用径向多焦角膜,径向屈光力调制型延焦,5 mm 瞳孔,0.302869338290417,下界,-0.1474750553072589,-0.0038901164263761,-0.1474750553072589,-0.1296472443562289,0.0622707671036675,0.1269614613401218,未删失,LB_AL2395,C0V12,RAD,CAR_LB_AL2395_C0V12_RAD_EPD5
Liou–Brennan 模型眼（眼轴 23.95 mm）,中央近用径向多焦角膜,高阶像差调制型延焦,3 mm 瞳孔,0.6921668958311665,精确值,-0.4803412962759928,-0.0812142356742838,-0.4247132929270181,-0.0697810725545134,0.1757307559123074,0.1584343178994884,未删失,LB_AL2395,C0V12,HOA,CAR_LB_AL2395_C0V12_HOA_EPD3
Liou–Brennan 模型眼（眼轴 23.95 mm）,中央近用径向多焦角膜,高阶像差调制型延焦,5 mm 瞳孔,-0.0421458667911219,精确值,-0.2046167947875468,-0.0297713908313442,-0.1344109336836419,-0.0025516825431965,0.0160819647003452,-0.0010164269303682,未删失,LB_AL2395,C0V12,HOA,CAR_LB_AL2395_C0V12_HOA_EPD5
Atchison −3 D 近视模型眼（眼轴 24.48 mm）,未治疗参照角膜,波前塑形型延焦,3 mm 瞳孔,0.1622551421381196,精确值,-0.157649644313868,-0.0128719648686278,-0.157649644313868,0.0330317622159963,-0.0161750497970709,0.0359760345912898,未删失,ATC_M3_AL24477,N0,WFS,CAR_ATC_M3_AL24477_N0_WFS_EPD3
Atchison −3 D 近视模型眼（眼轴 24.48 mm）,未治疗参照角膜,波前塑形型延焦,5 mm 瞳孔,-0.0792946712503532,精确值,-0.0719343214731958,-0.0046776809491848,0.0080405684605378,0.0024495781858459,-0.010027073811575,0.0025040186933518,未删失,ATC_M3_AL24477,N0,WFS,CAR_ATC_M3_AL24477_N0_WFS_EPD5
Atchison −3 D 近视模型眼（眼轴 24.48 mm）,未治疗参照角膜,径向屈光力调制型延焦,3 mm 瞳孔,0.2338074927714613,精确值,-0.2896040910689624,-0.0136703869403928,-0.2896040910689624,0.01467301413279,-0.0889442196595904,0.0876473047067751,未删失,ATC_M3_AL24477,N0,RAD,CAR_ATC_M3_AL24477_N0_RAD_EPD3
Atchison −3 D 近视模型眼（眼轴 24.48 mm）,未治疗参照角膜,径向屈光力调制型延焦,5 mm 瞳孔,-0.1827789456917866,精确值,0.0184347749092324,-0.0073100197635555,0.0184347749092324,-0.1295472429740359,0.0612356671084269,0.056908131028922,未删失,ATC_M3_AL24477,N0,RAD,CAR_ATC_M3_AL24477_N0_RAD_EPD5
Atchison −3 D 近视模型眼（眼轴 24.48 mm）,未治疗参照角膜,高阶像差调制型延焦,3 mm 瞳孔,0.7163154515746109,精确值,-0.4886196436643503,-0.0821326272923207,-0.4335216107751844,-0.0718596143200852,0.1787669019668771,0.1644059981070837,未删失,ATC_M3_AL24477,N0,HOA,CAR_ATC_M3_AL24477_N0_HOA_EPD3
Atchison −3 D 近视模型眼（眼轴 24.48 mm）,未治疗参照角膜,高阶像差调制型延焦,5 mm 瞳孔,-0.2785323334271037,精确值,-0.169687627507213,-0.027422248390491,-0.0401066615426435,-0.0026242815441487,0.0165908858078432,-0.0016153646790681,受搜索窗边界限制,ATC_M3_AL24477,N0,HOA,CAR_ATC_M3_AL24477_N0_HOA_EPD5
Atchison −3 D 近视模型眼（眼轴 24.48 mm）,近视术后准单焦角膜,波前塑形型延焦,3 mm 瞳孔,0.1978955276654461,精确值,-0.1666087165473641,-0.0135750807495864,-0.1666087165473641,0.0321284121242014,-0.0174295301534125,0.0353835297328545,未删失,ATC_M3_AL24477,A0V12,WFS,CAR_ATC_M3_AL24477_A0V12_WFS_EPD3
Atchison −3 D 近视模型眼（眼轴 24.48 mm）,近视术后准单焦角膜,波前塑形型延焦,5 mm 瞳孔,0.0191067889264351,精确值,-0.0714240794053628,-0.0077258578890832,-0.0094721743409372,0.0020518459138014,-0.0094682941650054,0.0020797725062243,未删失,ATC_M3_AL24477,A0V12,WFS,CAR_ATC_M3_AL24477_A0V12_WFS_EPD5
Atchison −3 D 近视模型眼（眼轴 24.48 mm）,近视术后准单焦角膜,径向屈光力调制型延焦,3 mm 瞳孔,0.1483342665795284,精确值,-0.2824486408242538,-0.0156262045688315,-0.2824486408242538,0.0044757455917068,-0.0912790806881914,0.0856725316382265,未删失,ATC_M3_AL24477,A0V12,RAD,CAR_ATC_M3_AL24477_A0V12_RAD_EPD3
Atchison −3 D 近视模型眼（眼轴 24.48 mm）,近视术后准单焦角膜,径向屈光力调制型延焦,5 mm 瞳孔,-0.0117593585974824,精确值,-0.0481639398555046,-0.0126284255682951,-0.0667935255903863,-0.1288099465299243,0.0636462697643228,0.0193205805130487,未删失,ATC_M3_AL24477,A0V12,RAD,CAR_ATC_M3_AL24477_A0V12_RAD_EPD5
Atchison −3 D 近视模型眼（眼轴 24.48 mm）,近视术后准单焦角膜,高阶像差调制型延焦,3 mm 瞳孔,0.6337709258463956,精确值,-0.4762883148904206,-0.0808177097647943,-0.4185536956946011,-0.0668769337528284,0.1709188328751271,0.1516539597004976,未删失,ATC_M3_AL24477,A0V12,HOA,CAR_ATC_M3_AL24477_A0V12_HOA_EPD3
Atchison −3 D 近视模型眼（眼轴 24.48 mm）,近视术后准单焦角膜,高阶像差调制型延焦,5 mm 瞳孔,-0.2369904170458661,精确值,-0.1698284021132415,-0.0238416413990947,-0.034302834270245,-0.0023835660320205,0.0152197881677392,-0.001596955606149,受搜索窗边界限制,ATC_M3_AL24477,A0V12,HOA,CAR_ATC_M3_AL24477_A0V12_HOA_EPD5
Atchison −3 D 近视模型眼（眼轴 24.48 mm）,连续非球面角膜延焦原型,波前塑形型延焦,3 mm 瞳孔,0.4224481624578039,下界,-0.1993066792116455,-0.016729409417242,-0.1993066792116455,0.0321894156752673,-0.0173710517428674,0.0346864958070991,未删失,ATC_M3_AL24477,B0V12,WFS,CAR_ATC_M3_AL24477_B0V12_WFS_EPD3
Atchison −3 D 近视模型眼（眼轴 24.48 mm）,连续非球面角膜延焦原型,波前塑形型延焦,5 mm 瞳孔,-0.0252413975898755,精确值,-0.0744647987172798,-0.005731542958625,-0.0078736410868472,0.0020685370353895,-0.0094993912777176,0.0021384909538174,受搜索窗边界限制,ATC_M3_AL24477,B0V12,WFS,CAR_ATC_M3_AL24477_B0V12_WFS_EPD5
Atchison −3 D 近视模型眼（眼轴 24.48 mm）,连续非球面角膜延焦原型,径向屈光力调制型延焦,3 mm 瞳孔,0.2159700953914156,精确值,-0.2700711529483505,-0.0189384553251064,-0.2700711529483505,0.0051031959866315,-0.0911218121440132,0.0741136811745979,未删失,ATC_M3_AL24477,B0V12,RAD,CAR_ATC_M3_AL24477_B0V12_RAD_EPD3
Atchison −3 D 近视模型眼（眼轴 24.48 mm）,连续非球面角膜延焦原型,径向屈光力调制型延焦,5 mm 瞳孔,0.1242593660970703,精确值,-0.0590493060722531,-0.010459288802141,-0.0453769283605111,-0.128790343409456,0.0635116526661939,-0.0931038674091536,受搜索窗边界限制,ATC_M3_AL24477,B0V12,RAD,CAR_ATC_M3_AL24477_B0V12_RAD_EPD5
Atchison −3 D 近视模型眼（眼轴 24.48 mm）,连续非球面角膜延焦原型,高阶像差调制型延焦,3 mm 瞳孔,0.7260494766816448,精确值,-0.4391146994920586,-0.0793578211830638,-0.3791148774206305,-0.0669656690482784,0.1712855913091163,0.1355298321807704,未删失,ATC_M3_AL24477,B0V12,HOA,CAR_ATC_M3_AL24477_B0V12_HOA_EPD3
Atchison −3 D 近视模型眼（眼轴 24.48 mm）,连续非球面角膜延焦原型,高阶像差调制型延焦,5 mm 瞳孔,-0.2667722046092313,精确值,-0.1416828243447923,-0.0225886178700514,-0.061589898300644,-0.0023341700374666,0.0152696886870698,-0.0018705687471101,受搜索窗边界限制,ATC_M3_AL24477,B0V12,HOA,CAR_ATC_M3_AL24477_B0V12_HOA_EPD5
Atchison −3 D 近视模型眼（眼轴 24.48 mm）,中央近用径向多焦角膜,波前塑形型延焦,3 mm 瞳孔,0.1659164689370402,精确值,-0.1584987310488212,-0.0128153263575107,-0.1584987310488212,0.0326790548057022,-0.0166870377786691,0.0358262099866339,未删失,ATC_M3_AL24477,C0V12,WFS,CAR_ATC_M3_AL24477_C0V12_WFS_EPD3
Atchison −3 D 近视模型眼（眼轴 24.48 mm）,中央近用径向多焦角膜,波前塑形型延焦,5 mm 瞳孔,0.0570149267489945,精确值,-0.0725165527899603,-0.0027892380549395,-0.0725165527899603,0.0022820753280592,-0.0097984820510229,-0.0005434738409047,未删失,ATC_M3_AL24477,C0V12,WFS,CAR_ATC_M3_AL24477_C0V12_WFS_EPD5
Atchison −3 D 近视模型眼（眼轴 24.48 mm）,中央近用径向多焦角膜,径向屈光力调制型延焦,3 mm 瞳孔,0.1796250509585629,精确值,-0.2866979990025152,-0.0143427303419798,-0.2866979990025152,0.0106038899188826,-0.0900030236035887,0.0875232782464111,未删失,ATC_M3_AL24477,C0V12,RAD,CAR_ATC_M3_AL24477_C0V12_RAD_EPD3
Atchison −3 D 近视模型眼（眼轴 24.48 mm）,中央近用径向多焦角膜,径向屈光力调制型延焦,5 mm 瞳孔,0.2882070260178327,下界,-0.1426964578623923,-0.0031792126658876,-0.1426964578623923,-0.1295117558250391,0.0623636689190239,0.1270166250902937,未删失,ATC_M3_AL24477,C0V12,RAD,CAR_ATC_M3_AL24477_C0V12_RAD_EPD5
Atchison −3 D 近视模型眼（眼轴 24.48 mm）,中央近用径向多焦角膜,高阶像差调制型延焦,3 mm 瞳孔,0.6673969355757625,精确值,-0.484098098991985,-0.0813540608172737,-0.4288354107328206,-0.0697548394362838,0.1756841323617365,0.160605428322985,未删失,ATC_M3_AL24477,C0V12,HOA,CAR_ATC_M3_AL24477_C0V12_HOA_EPD3
Atchison −3 D 近视模型眼（眼轴 24.48 mm）,中央近用径向多焦角膜,高阶像差调制型延焦,5 mm 瞳孔,0.4109375479541043,下界,-0.2139363958708224,-0.0290039857926444,-0.1622899299793065,-0.0025523951123757,0.0160773852027464,-0.0007667855205567,未删失,ATC_M3_AL24477,C0V12,HOA,CAR_ATC_M3_AL24477_C0V12_HOA_EPD5
